{
	"공지사항":
	[
		  {"구분":"쇼핑",   	"제목":"더페이스샵 시스템 점검 안내 (01/11)",											"날짜":"2020.01.11"},
		  {"구분":"쇼핑",   	"제목":"더페이스샵 시스템 점검 안내 (01/05)",											"날짜":"2020.01.04"},
		  {"구분":"브랜드",   	"제목":"더페이스샵, 겨울 선크림 ‘파워 롱래스팅 모이스처 선’ 출시",								"날짜":"2019.12.05"},
		  {"구분":"브랜드",   	"제목":"LG생활건강, fmgt '잉크래스팅 파운데이션’ X 대세 캐릭터 ‘펭수’",						"날짜":"2019.11.29"},
		  {"구분":"브랜드",   	"제목":"LG생활건강, fmgt ‘골드콜라겐 베이스 라인’ 리뉴얼 출시",								"날짜":"2019.11.15"},
		  {"구분":"브랜드",   	"제목":"LG생활건강, fmgt ‘루즈 샤인 비비드’ 출시",										"날짜":"2019.11.14"},
		  {"구분":"브랜드",   	"제목":"더페이스샵 ‘TWINKLE PARTY 홀리데이 에디션’ 출시",								"날짜":"2019.11.12"},
		  {"구분":"쇼핑",   	"제목":"더페이스샵 시스템 점검 안내 (11/09)",											"날짜":"2019.11.09"},
		  {"구분":"쇼핑",   	"제목":"더페이스샵 시스템 점검 안내 (10/31)",											"날짜":"2019.10.30"},
		  {"구분":"쇼핑",   	"제목":"더페이스샵 시스템 점검 안내 (10/12)",											"날짜":"2019.10.12"},
		  {"구분":"쇼핑",   	"제목":"더페이스샵 시스템 점검 안내 (8/10)",											"날짜":"2019.08.10"},
		  {"구분":"쇼핑",   	"제목":"포인트 사용 및 출석체크 이벤트 종료 안내",											"날짜":"2019.07.25"},
		  {"구분":"쇼핑",   	"제목":"더페이스샵 온라인전용 제품 단종 당첨자 발표 안내드립니다",								"날짜":"2019.07.19"},
		  {"구분":"쇼핑",   	"제목":"더페이스샵 포인트 교환기능 당첨자 발표 오픈 공지 (6/27기준 1만포인트 이상 보유고객)",			"날짜":"2019.07.04"},
		  {"구분":"쇼핑",   	"제목":"출석체크 이벤트 연장 관련 공지",												"날짜":"2019.06.27"},
		  {"구분":"브랜드", 	"제목":"LG생활건강 저자극 마스크시트 ‘닥터벨머 마일드 더마’ 5종 출시",							"날짜":"2019.06.21"},
		  {"구분":"쇼핑",   	"제목":"<중요> 쇼핑기능 종료에 따른 잔여 쿠폰 포인트 사용 안내 (6/27 수정)",					"날짜":"2019.06.13"},
		  {"구분":"브랜드", 	"제목":"LG생활건강 저자극 클렌징 & 각질케어 솔루션 ‘닥터벨머 아미노클리어’ 출시!",					"날짜":"2019.06.13"},
		  {"구분":"브랜드", 	"제목":"더페이스샵X카카오프렌즈 콜라보레이션 Play with the FRIENDS CLUB 출시",				"날짜":"2019.06.13"},
		  {"구분":"쇼핑",   	"제목":"<수정>더페이스샵 온라인 쇼핑몰 상품권 환불관련 안내 (한국문화진흥 발급)",					"날짜":"2019.06.11"},
		  {"구분":"쇼핑",   	"제목":"에너지씨드 수분항산화 에센스 당첨자 발표  뷰티테스터 당첨자 발표",							"날짜":"2019.06.10"},
		  {"구분":"쇼핑",   	"제목":"더페이스샵 시스템 점검 안내 (6/08)",											"날짜":"2019.06.08"},
		  {"구분":"쇼핑",   	"제목":"[공지]LG U+ 2019년 6월 신용카드 무이자 할부 행사 안내 ",							"날짜":"2019.06.01"},
		  {"구분":"쇼핑",   	"제목":"더페이스샵 시스템 점검 안내 (5/12)",											"날짜":"2019.05.11"},
		  {"구분":"쇼핑",   	"제목":"5월 멤버십데이 (5/9~5/11) ",												"날짜":"2019.05.08"},
		  {"구분":"쇼핑",   	"제목":"더페이스샵 당첨자 발표 시스템 점검 안내 ",											"날짜":"2019.04.13"},
		  {"구분":"쇼핑",   	"제목":"4월 멤버십데이 (4/4~4/6) ",												"날짜":"2019.04.03"},
		  {"구분":"브랜드", 	"제목":"제7기 크린소울 당첨자 발표 결산공고",												"날짜":"2019.03.14"},
		  {"구분":"브랜드", 	"제목":"(주)더페이스샵 제 34기 결산공고",												"날짜":"2019.03.14"},
		  {"구분":"쇼핑",   	"제목":"더페이스샵 시스템 점검 안내 ",													"날짜":"2019.03.09"},
		  {"구분":"쇼핑",   	"제목":"3월 멤버십데이 (3/5~3/9) ",												"날짜":"2019.03.04"},
		  {"구분":"브랜드", 	"제목":"LG생활건강 프리미엄 한방 화장품 ‘예화담 환생고’ 라인 리뉴얼 출시!",						"날짜":"2019.03.04"},
		  {"구분":"쇼핑",	  	"제목":"2월 멤버십데이 (2/7~2/12) ",												"날짜":"2019.02.06"},
		  {"구분":"쇼핑",		"제목":"잉크래스팅 파운데이션 글로우 체험단 BEST 리뷰 당첨자 발표",								"날짜":"2019.01.18"},
		  {"구분":"쇼핑",		"제목":"더페이스샵 시스템 점검 안내 ",													"날짜":"2019.01.12"},
		  {"구분":"쇼핑",		"제목":"1월 멤버십데이 (1/8~1/12) ",												"날짜":"2019.01.07"},
		  {"구분":"쇼핑",		"제목":"아이폰 앱 업데이트 안내 (12/26 진행 업데이트 시에만 정상 결제가능) ",					"날짜":"2018.12.21"},
		  {"구분":"쇼핑",		"제목":"출석체크 및 리뷰관련 포인트 제도 변경사항 안내 (19년 1월부터)",							"날짜":"2018.12.18"},
		  {"구분":"쇼핑",		"제목":"더페이스샵 X 카카오 홀리데이 콜라보 체험단 BEST 리뷰 당첨자 발표",						"날짜":"2018.12.10"},
		  {"구분":"쇼핑",		"제목":"더페이스샵 시스템 점검 안내 ",													"날짜":"2018.12.08"},
		  {"구분":"쇼핑",		"제목":"12월 멤버십데이 (12/4~12/8) ",												"날짜":"2018.12.03"},
		  {"구분":"브랜드",		"제목":"더페이스샵 잉크래스팅 파운데이션 글로우 출시",											"날짜":"2018.12.03"},
		  {"구분":"브랜드",		"제목":"더페이스샵 더페이스샵X리틀프렌즈 홀리데이 에디션 출시",										"날짜":"2018.11.30"},
		  {"구분":"쇼핑",		"제목":"더페이스샵X카카오 홀리데이 콜라보 체험단 당첨자 발표",									"날짜":"2018.11.27"},
		  {"구분":"쇼핑",		"제목":"포인트 사용 정책 변경 안내 (11/29일부터 적용)",									"날짜":"2018.11.21"},
		  {"구분":"쇼핑",		"제목":"더페이스샵 시스템 점검 안내 ",													"날짜":"2018.11.10"},
		  {"구분":"쇼핑",		"제목":"11월 멤버십데이 (11/1~11/5) ",												"날짜":"2018.10.31"},
		  {"구분":"쇼핑",		"제목":"더페이스샵 시스템 점검 안내 ",													"날짜":"2018.10.13"},
		  {"구분":"쇼핑",		"제목":"제품 포토리뷰 관련 정책 변경 안내 (10/17일부터 적용)",								"날짜":"2018.10.08"},
		  {"구분":"쇼핑",		"제목":"10월 멤버십데이 (10/4~10/8) ",												"날짜":"2018.10.03"},
		  {"구분":"쇼핑",		"제목":"※ 추석 연휴 배송안내",														"날짜":"2018.09.17"},
		  {"구분":"쇼핑",		"제목":"더페이스샵 시스템 점검 안내 ",													"날짜":"2018.09.08"},
		  {"구분":"쇼핑",		"제목":"9월 멤버십데이 (9/4~9/8) ",												"날짜":"2018.09.03"},
		  {"구분":"브랜드",		"제목":"더페이스샵 푸드메틱 시리즈 ‘초코 모노팝 아이즈’ ＆ ‘보석반지 틴트’ 출시",						"날짜":"2018.08.31"},
		  {"구분":"브랜드",		"제목":"더페이스샵 뷰티 크리에이터 전문가 육성한다",												"날짜":"2018.08.31"},
		  {"구분":"쇼핑",		"제목":"[공지] 개인정보처리방침 개정안내(시행:9/3)",										"날짜":"2018.08.30"},
		  {"구분":"쇼핑",		"제목":"더페이스샵 시스템 점검 안내",													"날짜":"2018.08.11"},
		  {"구분":"브랜드",		"제목":"더페이스샵 젤라또 틴트 출시",														"날짜":"2018.08.07"},
		  {"구분":"쇼핑",		"제목":"8월 멤버십데이 (8/7~8/11) ",												"날짜":"2018.08.06"},
		  {"구분":"쇼핑",		"제목":"네이버페이 일부 서비스 중지 안내",												"날짜":"2018.07.12"},
		  {"구분":"쇼핑",		"제목":"더페이스샵 시스템 점검 안내",													"날짜":"2018.07.07"},
		  {"구분":"쇼핑",		"제목":"7월 세일 온라인몰 조기 종료 안내",												"날짜":"2018.07.07"},
		  {"구분":"쇼핑",		"제목":"7월 멤버십데이 (7/3~7/7) ",												"날짜":"2018.07.02"},
		  {"구분":"쇼핑",		"제목":"더페이스샵 시스템 점검 안내",													"날짜":"2018.06.09"},
		  {"구분":"쇼핑",		"제목":"6월 세일 온라인몰 조기 종료 안내",												"날짜":"2018.06.09"},
		  {"구분":"브랜드",		"제목":"더페이스샵 제로핏 프라이머 2종 출시",													"날짜":"2018.06.07"},
		  {"구분":"쇼핑",		"제목":"6월 멤버십데이 (6/5~6/9) ",												"날짜":"2018.06.04"},
		  {"구분":"쇼핑",		"제목":"더페이스샵 시스템 점검일시 공지!",												"날짜":"2018.05.12"},
		  {"구분":"브랜드",		"제목":"‘2018 더페이스샵 X 카카오프렌즈’ 콜라보레이션 출시",										"날짜":"2018.05.08"},
		  {"구분":"쇼핑",		"제목":"[안내]보안취약 프로토콜 차단에 따른 유플러스 오류 발생가능",								"날짜":"2018.05.08"},
		  {"구분":"쇼핑",		"제목":"5월 멤버십데이 (5/2~5/6) ",												"날짜":"2018.05.01"},
		  {"구분":"브랜드",		"제목":"더페이스샵 3 in 1 올인원 타입의 ‘멀티 스윙 쿠션’ 출시",									"날짜":"2018.04.10"},
		  {"구분":"쇼핑",		"제목":"4월 멤버십데이 (4/3~4/7) ",												"날짜":"2018.04.02"},
		  {"구분":"쇼핑",		"제목":"*더페이스샵 프리미엄 서비스종료안내*",											"날짜":"2018.03.22"},
		  {"구분":"쇼핑",		"제목":"카카오페이 서비스 일시 중지안내!",												"날짜":"2018.03.20"},
		  {"구분":"브랜드",		"제목":"제6기 크린소울 결산공고",													"날짜":"2018.03.15"},
		  {"구분":"브랜드",		"제목":"(주)더페이스샵 제 33기 결산공고",											"날짜":"2018.03.15"},
		  {"구분":"브랜드",		"제목":"더페이스샵 더페이스샵 X 코카콜라 콜라보레이션 출시",						"날짜":"2018.03.12"},
		  {"구분":"쇼핑",		"제목":"더페이스샵 시스템 점검일시 공지!",											"날짜":"2018.03.09"},
		  {"구분":"쇼핑",		"제목":"3월 멤버십데이 (3/2~3/8) ",													"날짜":"2018.03.01"},
		  {"구분":"쇼핑",		"제목":"모바일페이지 새단장 공지안내!",												"날짜":"2018.02.27"},
		  {"구분":"쇼핑",		"제목":"더페이스샵 시스템점검 내용안내",											"날짜":"2018.02.24"},
		  {"구분":"쇼핑",		"제목":"※ 설 연휴 배송안내",														"날짜":"2018.02.11"},
		  {"구분":"쇼핑",		"제목":"세일쿠폰 사용안내(오프라인 매장고객)",										"날짜":"2018.02.10"},
		  {"구분":"쇼핑",		"제목":"2월 멤버십데이 (2/2~2/8) ",													"날짜":"2018.02.01"},
		  {"구분":"쇼핑",		"제목":"1월 멤버십데이 (1/5~1/10) ",												"날짜":"2018.01.04"},
		  {"구분":"쇼핑",		"제목":"회원제도 개편 및 정책안내",													"날짜":"2017.12.22"},
		  {"구분":"브랜드",		"제목":"더페이스샵 그린 패키징 공모전 우수상 수상",									"날짜":"2017.12.14"},
		  {"구분":"쇼핑",		"제목":"(12월세일) 구매금액별 할인쿠폰!",											"날짜":"2017.12.14"},
		  {"구분":"쇼핑",		"제목":"12월 멤버십데이 (12/14~12/19)",												"날짜":"2017.12.13"},
		  {"구분":"쇼핑",		"제목":"닥터벨머vs더테라피 댓글 이벤트 당첨자 발표",								"날짜":"2017.12.11"},
		  {"구분":"쇼핑",		"제목":"(11월세일) 구매금액별 할인쿠폰! ",											"날짜":"2017.11.17"},
		  {"구분":"쇼핑",		"제목":"11월 멤버십데이 (11/17~11/21) ",											"날짜":"2017.11.16"},
		  {"구분":"브랜드",		"제목":"더페이스샵 더페이스샵X카카오프렌즈 콜라보레이션 시즌3 출시",				"날짜":"2017.11.16"},
		  {"구분":"쇼핑",		"제목":"(10월 세일) 구매금액별 할인쿠폰! ",											"날짜":"2017.10.26"},
		  {"구분":"쇼핑",		"제목":"10월 멤버십데이 최대 50% SALE (10/26~11/1)",								"날짜":"2017.10.25"},
		  {"구분":"쇼핑",		"제목":"더페이스샵 추석 배송안내",													"날짜":"2017.09.26"},
		  {"구분":"쇼핑",		"제목":"(9월 세일) 구매금액별 할인쿠폰! ",											"날짜":"2017.09.25"},
		  {"구분":"쇼핑",		"제목":"9월 멤버십데이 최대 50% SALE (9/25~10/1) ",									"날짜":"2017.09.24"},
		  {"구분":"쇼핑",		"제목":"출석체크 댓글기능 삭제 안내",												"날짜":"2017.09.21"},
		  {"구분":"쇼핑",		"제목":"포인트 정책 및 이벤트 변경 안내",											"날짜":"2017.09.14"},
		  {"구분":"쇼핑",		"제목":"시스템점검안내(9/9)",														"날짜":"2017.09.07"},
		  {"구분":"브랜드",		"제목":"더페이스샵 플랫 벨벳&글로시 스틱 출시",										"날짜":"2017.09.04"},
		  {"구분":"쇼핑",		"제목":"(8월 세일) 구매금액별 할인쿠폰!",											"날짜":"2017.08.25"},
		  {"구분":"쇼핑",		"제목":"8월 멤버십데이 최대 50% SALE (8/25~8/31) ",									"날짜":"2017.08.24"},
		  {"구분":"쇼핑",		"제목":"더페이스샵/네이처컬렉션 마이신한포인트 이벤트!",							"날짜":"2017.08.16"},
		  {"구분":"쇼핑",		"제목":"시스템 점검 안내(8월12일 22:00~9월13 09:00) ",								"날짜":"2017.08.12"},
		  {"구분":"쇼핑",		"제목":"시스템 점검 안내(8월2일) ",													"날짜":"2017.08.01"},
		  {"구분":"쇼핑",		"제목":"(바캉스세일) 구매금액별 할인쿠폰!",											"날짜":"2017.07.26"},
		  {"구분":"쇼핑",		"제목":"바캉스세일 최대 50% SALE (7/26~7/30)",										"날짜":"2017.07.25"},
		  {"구분":"쇼핑",		"제목":"※ 7월 8일 9일 출석체크 및 꿀득템 오류 안내",								"날짜":"2017.07.10"},
		  {"구분":"브랜드",		"제목":"더페이스샵 버블버블 클렌징 폼 3종 출시",									"날짜":"2017.07.10"},
		  {"구분":"쇼핑",		"제목":"더페이스샵 & 네이처 컬렉션 포인트 통합 운영",								"날짜":"2017.07.04"},
		  {"구분":"쇼핑",		"제목":"※ 6월 앱푸쉬 이벤트 아이폰(IOS) 기기 당첨자 확인 안내",					"날짜":"2017.07.03"},
		  {"구분":"쇼핑",		"제목":"(7월 세일) 구매금액별 할인쿠폰!",											"날짜":"2017.06.27"},
		  {"구분":"쇼핑",		"제목":"7월 멤버십데이 최대 50% SALE (6/27~7/1)",									"날짜":"2017.06.26"},
		  {"구분":"브랜드",		"제목":"더페이스샵 ‘더페이스샵X마블 콜라보레이션’ 출시",							"날짜":"2017.06.26"},
		  {"구분":"브랜드",		"제목":"더페이스샵 ‘수딩 젤리 마스크’ & ‘얼려쓰는 수딩젤’ 출시",					"날짜":"2017.06.22"},
		  {"구분":"쇼핑",		"제목":"※ 아이폰(IOS) 기기 앱 푸쉬 이벤트 오류 안내",								"날짜":"2017.06.15"},
		  {"구분":"쇼핑",		"제목":"(6월 세일) 구매금액별 할인쿠폰! ",											"날짜":"2017.05.26"},
		  {"구분":"쇼핑",		"제목":"6월 멤버십데이 최대 50% SALE (5/26~6/3)",									"날짜":"2017.05.25"},
		  {"구분":"브랜드",		"제목":"더페이스샵 볼륨업&매트업 틴트 출시",										"날짜":"2017.05.16"},
		  {"구분":"브랜드",		"제목":"더페이스샵 화장품 구매시 환경영화제 교환권 증정",							"날짜":"2017.05.16"},
		  {"구분":"브랜드",		"제목":"더페이스샵 쿵푸팬더 딤섬세트 콜라보레이션 제품 출시",						"날짜":"2017.05.16"},
		  {"구분":"브랜드",		"제목":"더페이스샵 심슨 패밀리 콜라보레이션 출시",									"날짜":"2017.05.16"},
		  {"구분":"쇼핑",		"제목":"(5월 세일) 구매금액별 할인쿠폰! ",											"날짜":"2017.04.26"},
		  {"구분":"쇼핑",		"제목":"5월 멤버십데이 최대 50% SALE (4/26~5/4) ",									"날짜":"2017.04.25"},
		  {"구분":"쇼핑",		"제목":"(4월 세일) 구매금액별 할인쿠폰! ",											"날짜":"2017.03.30"},
		  {"구분":"쇼핑",		"제목":"4월 멤버십데이 최대 50% SALE (3/30~4/4)",									"날짜":"2017.03.29"},
		  {"구분":"브랜드",	"제목":"제5기 크린소울 결산공고",													"날짜":"2017.03.16"},
		  {"구분":"브랜드",	"제목":"(주)더페이스샵 제 32기 결산공고",											"날짜":"2017.03.16"},
		  {"구분":"쇼핑",		"제목":"시스템 점검 안내(3월12일) ",												"날짜":"2017.03.11"},
		  {"구분":"브랜드",	"제목":"더페이스샵 드림웍스 캐릭터 트롤 콜라보레이션 출시",							"날짜":"2017.03.09"},
		  {"구분":"브랜드",	"제목":"더페이스샵 파워 익스트림 선크림 SPF50+ PA++++ 출시",						"날짜":"2017.03.09"},
		  {"구분":"쇼핑",		"제목":"(3월 세일) 구매금액별 할인쿠폰! ",											"날짜":"2017.02.28"},
		  {"구분":"쇼핑",		"제목":"3월 멤버십데이 최대 50% SALE (2/28~3/6) ",									"날짜":"2017.02.27"},
		  {"구분":"쇼핑",		"제목":"(2월 세일) 구매금액별 할인쿠폰!",											"날짜":"2017.02.04"},
		  {"구분":"쇼핑",		"제목":"2월 멤버십데이 최대 50% SALE (2/4~2/11) ",									"날짜":"2017.02.03"},
		  {"구분":"브랜드",	"제목":"더페이스샵 디즈니 프린세스 에디션 출시!",									"날짜":"2017.01.23"},
		  {"구분":"브랜드",	"제목":"더페이스샵 디즈니 쿠션 시즌2 출시",											"날짜":"2017.01.23"},
		  {"구분":"브랜드",	"제목":"더페이스샵 더마 코스메틱 브랜드 ‘닥터벨머(DrBelmeur)’ 출시",				"날짜":"2017.01.23"},
		  {"구분":"쇼핑",		"제목":"닥터벨머 상품평 남기고 리프트권받자! < 당첨자 발표 >",						"날짜":"2017.01.12"},
		  {"구분":"쇼핑",		"제목":"시스템 점검 안내(1월8일) ",													"날짜":"2017.01.07"},
		  {"구분":"쇼핑",		"제목":"1월 멤버십데이 베스트제품 쿠폰",											"날짜":"2017.01.02"},
		  {"구분":"쇼핑",		"제목":"1월 멤버십데이 쿠폰",														"날짜":"2017.01.02"},
		  {"구분":"쇼핑",		"제목":"1월 멤버십데이 최대 50% SALE (1/2~1/7) ",									"날짜":"2017.01.01"},
		  {"구분":"쇼핑",		"제목":"룰렛이벤트 변경안내",														"날짜":"2016.12.28"},
		  {"구분":"쇼핑",		"제목":"12월 멤버십데이 베스트제품 쿠폰",											"날짜":"2016.11.29"},
		  {"구분":"쇼핑",		"제목":"12월 멤버십데이 쿠폰",														"날짜":"2016.11.29"},
		  {"구분":"쇼핑",		"제목":"12월 멤버십데이 최대 50% SALE (11/29~12/4) ",								"날짜":"2016.11.28"},
		  {"구분":"쇼핑",		"제목":"비피다 이벤트 쿠폰 발송지연 안내",											"날짜":"2016.11.24"},
		  {"구분":"쇼핑",		"제목":"11월 멤버십데이 쿠폰",														"날짜":"2016.10.29"},
		  {"구분":"쇼핑",		"제목":"11월 멤버십데이 최대 50% SALE (10/29~11/2) ",								"날짜":"2016.10.28"},
		  {"구분":"쇼핑",		"제목":"10월 멤버십데이 쿠폰",														"날짜":"2016.09.30"},
		  {"구분":"쇼핑",		"제목":"10월 멤버십데이 최대 50% SALE (9/30~10/5) ",								"날짜":"2016.09.29"},
		  {"구분":"브랜드",	"제목":"2016 쇼핑관광축제 Korea Sale Festa 안내",									"날짜":"2016.09.29"},
		  {"구분":"브랜드",	"제목":"더페이스샵 피부톤 보정 크림 '로즈 블룸 톤업 크림' 출시",					"날짜":"2016.09.12"},
		  {"구분":"쇼핑",		"제목":"시스템 점검 안내(12일) ",													"날짜":"2016.09.11"},
		  {"구분":"쇼핑",		"제목":"시스템 점검 안내(11일)",													"날짜":"2016.09.10"},
		  {"구분":"쇼핑",		"제목":"추석 배송 공지사항",														"날짜":"2016.09.09"},
		  {"구분":"쇼핑",		"제목":"9월 멤버십데이 쿠폰",														"날짜":"2016.09.08"},
		  {"구분":"쇼핑",		"제목":"9월 멤버십데이 최대 50% SALE (9/8~9/13) ",									"날짜":"2016.09.07"},
		  {"구분":"브랜드",	"제목":"더페이스샵 모이스처 터치 립스틱 20종 출시",									"날짜":"2016.09.05"},
		  {"구분":"브랜드",	"제목":"더페이스샵 ‘예화담 생기 & 천삼송이 라인’ 출시",								"날짜":"2016.08.29"},
		  {"구분":"쇼핑",		"제목":"8월 굿바이 썸머 페스티벌 최대 50% SALE (8/18~8/21) ",						"날짜":"2016.08.17"},
		  {"구분":"쇼핑",		"제목":"더페이스샵 일부 품목 소비자가 인상 안내",									"날짜":"2016.08.11"},
		  {"구분":"쇼핑",		"제목":"더페이스샵 쇼핑몰 배송지연 안내",											"날짜":"2016.08.10"},
		  {"구분":"쇼핑", 		"제목":"8월 멤버십데이 최대 50% SALE (8/5~8/8) ",									"날짜":"2016.08.04"},
		  {"구분":"브랜드",	"제목":"더페이스샵 X 디즈니 콜라보레이션 쿠션 13만개 판매 돌파!",					"날짜":"2016.07.15"},
		  {"구분":"쇼핑",		"제목":"7월 멤버십 데이 쿠폰",														"날짜":"2016.07.08"},
		  {"구분":"쇼핑",		"제목":"7월 멤버십데이 최대 50% SALE (7/8~7/12) ",									"날짜":"2016.07.07"},
		  {"구분":"브랜드",	"제목":"더페이스샵 X 디즈니 콜라보레이션 제품 출시",								"날짜":"2016.07.05"},
		  {"구분":"쇼핑",		"제목":"[공지] 더페이스샵 트렌디네일즈 자진 회수 진행 안내",						"날짜":"2016.06.07"},
		  {"구분":"쇼핑",		"제목":"6월 멤버십데이 최대 50% SALE (6/3~6/5) ",									"날짜":"2016.06.02"},
		  {"구분":"쇼핑",		"제목":"5월 멤버십 데이 쿠폰",														"날짜":"2016.05.03"},
		  {"구분":"쇼핑",		"제목":"5월 멤버십데이 최대 50% SALE (5/3~5/7) ",									"날짜":"2016.05.02"},
		  {"구분":"쇼핑",		"제목":"4월 멤버십데이 더시그니처 컨디셔닝 구매 시 쿠폰 증정",						"날짜":"2016.04.01"},
		  {"구분":"쇼핑",		"제목":"4월 멤버십데이 쿠폰 증정",													"날짜":"2016.04.01"},
		  {"구분":"쇼핑",		"제목":"4월 멤버십데이 최대 50% SALE (4/1~4/5) ",									"날짜":"2016.03.31"},
		  {"구분":"브랜드",	"제목":"더페이스샵 더솔루션 마스크 시트 출시",										"날짜":"2016.03.22"},
		  {"구분":"쇼핑",		"제목":"(주)더페이스샵 제 31기 결산공고",											"날짜":"2016.03.17"},
		  {"구분":"쇼핑",		"제목":"제4기 크린소울 결산공고",													"날짜":"2016.03.17"},
		  {"구분":"쇼핑",		"제목":"회원정책 변경 안내",														"날짜":"2016.03.01"},
		  {"구분":"쇼핑",		"제목":"3월 멤버십데이 쿠폰 증정",													"날짜":"2016.02.26"},
		  {"구분":"쇼핑",		"제목":"3월 멤버십데이 최대 50% SALE (2/26~37) ",									"날짜":"2016.02.25"},
		  {"구분":"쇼핑",		"제목":"시스템 점검 안내",															"날짜":"2016.02.16"},
		  {"구분":"쇼핑",		"제목":"더페이스샵 설 배송 공지",													"날짜":"2016.02.03"},
		  {"구분":"브랜드",	"제목":"잉크 젤스틱 12종 출시 발표",														"날짜":"2016.02.01"},
		  {"구분":"쇼핑",		"제목":"할인쿠폰 사용방법 당첨자",															"날짜":"2016.01.29"},
		  {"구분":"쇼핑",		"제목":"2월 멤버십데이 최대 50% SALE (1/29~26) ",									"날짜":"2016.01.28"},
		  {"구분":"쇼핑",		"제목":"1월 멤버십데이 최대 50% SALE (1/2~7)",										"날짜":"2016.01.01"},
		  {"구분":"쇼핑",		"제목":"영화 '대호' 예매권 이벤트 당첨자발표",										"날짜":"2015.12.23"},
		  {"구분":"쇼핑",		"제목":"12월16일 더페이스샵 쇼핑몰 이렇게 달라졌어요",								"날짜":"2015.12.22"},
		  {"구분":"쇼핑",		"제목":"[공지] 사이트 리뉴얼 및 장바구니위시리스트 정보 삭제 안내",					"날짜":"2015.12.16"},
		  {"구분":"쇼핑",		"제목":"[공지] 더페이스샵 임직원 사이트 통합 안내",									"날짜":"2015.12.15"},
		  {"구분":"쇼핑",		"제목":"[12월세일] 회원대상 멤버십데이 (12/5~12/10) ",								"날짜":"2015.12.05"},
		  {"구분":"쇼핑",		"제목":"[뷰티테스터 후기당첨자] 퀵 헤어 퍼프 당첨자발표",							"날짜":"2015.12.01"},
		  {"구분":"브랜드",	"제목":"홀리데이 월드 에디션 출시",													"날짜":"2015.11.17"},
		  {"구분":"브랜드",	"제목":"더테라피 로얄메이드 오일 블렌딩 크림 출시!",								"날짜":"2015.11.02"},
		  {"구분":"브랜드",	"제목":"(주)더페이스샵 제 30기 결산공고",											"날짜":"2015.03.12"}			    
	]
}